COMP_NBR,VEHICLE_NBR,VEHICLE_DESC,VEHICLE_TYPE,MAX_LOAD,SHIPPING_LOC_HOME,ASSIGNED_EMP_NBR,STATUS,TYPE
01,187,TRUCK 187 PAVAGE,24,8,005,15607,0,24
01,198,TRUCK 198 (VOIR REGION EST),13,6.5,080,15173,0,13
01,173,TRUCK 173 BORDURE,30,7.5,058,2072,0,30
01,194,TRUCK 194 PAVAGE,24,8,050,7000045,0,24
01,SUP608,******** INACTIF ********,01,7.5,080,1,0,101
01,6406 BEL,BELLEMARE 6406,13,12,010,1,0,13
01,SH999,PICK UP (SHAWINIGAN),01,11.5,056,999,0,101
01,9804 BRU,BETON BRUNET,01,7.5,035,1,0,101
01,RS33,******** INACTIF ********,11,12,080,1,0,11
01,5014 BEL,BELLEMARE,11,8,005,1,0,11
01,348,MACK 800,11,8,055,137,0,11
01,211 SD,CAMION 211 SD,01,7,020,1,0,101
01,222STDO,222STDOMINIQUE,01,7.5,020,1,0,101
01,92STDO,92 ST-DOMINIQUE,02,11.5,020,1,0,102
01,60 BE640,BETON 640,01,12,005,1,0,101
01,13RS,BETONNIERE,11,13,010,1,0,11
01,105 PROM,105 PROMIX,01,7.5,010,1,0,101
01,608SUP,BETON SUPREME,01,7.5,050,1,0,101
01,902MELO,902 MELOCHE,01,12.5,057,1,0,101
01,803 BDD,803 BDD,01,7.5,005,1,0,101
01,28 MER,BETON MERCIER,01,8,020,1,0,101
01,RS17,******** INACTIF ********,11,8,080,1,0,11
01,DO712,******** INACTIF ********,01,7.5,080,1,0,101
01,361,36112B,2,8,005,15428,1,2
01,SD224,******** INACTIF ********,01,7.5,080,1,0,101
01,10139-CE,LOCATION CAMION SEMI,02,11.5,056,1,0,102
01,COU49,******** INACTIF ********,01,12,080,1,0,101
01,16AJL,BETONNIERE,02,10,050,1,0,102
01,347,BETONNIERE,16,8,050,15479,0,16
01,211 PROM,211 PROM,02,12,057,1,0,102
01,344 BDD,BETON DU DOMAINE,01,7.5,005,1,0,101
01,366 STDO,366  ST-DOMINIQUE,02,9.5,020,1,0,102
01,166LEGAR,166 LEGARDEUR,01,7.5,010,1,0,101
01,COW834,******** INACTIF ********,11,9.5,080,1,0,11
01,35MER,35 MERCIER,02,12,050,1,0,102
01,430BE640,BETON640,01,12,005,2005,0,101
01,27-BC,BETON CRETE,01,7.5,056,1,0,101
01,382,38213B,3,8,005,15436,0,3
01,178 MOD,MODERNE178,13,7,005,1,0,13
01,SD211,******** INACTIF ********,01,7,080,1,0,101
01,346,BETONNIERE,25,8,050,15450,0,25
01,215 STD,215 ST-DOMINIQUE,01,7.5,020,1,0,101
01,106SD,BETONNIERE,01,7,050,1,0,101
01,35 ULTRA,35 ULTRAMIX,20,7.5,020,1,0,20
01,2477 EXP,2477 BETON EXPRESS,01,7.5,005,1,0,101
01,601 BRUN,BRUNET 601,20,7.5,035,1,0,20
01,77 CA,CARRIERE ACTON VALLE,01,7.5,050,1,0,101
01,266 BDD,BETON DU DOMAINE,01,8,005,1,0,101
01,226 BDD,BETON DU DOMAINE,01,7.5,005,1,0,101
01,13 RVSUD,RIVE SUD   13,02,13,020,1,0,102
01,954 MELO,MELOCHE,11,7.5,060,1,0,11
01,61BE640,BETON  640,01,8,010,1,0,101
01,321,TRUCK321,1,8,005,15422,0,1
01,326,MACK 800,20,7.5,056,7000001,0,20
01,326ABC,ABC RIVE NORD,13,8,040,1,0,13
01,30 MER,30 MERCIER,01,8,020,1,0,101
01,16 ERIE,CAMION DOMPEUR,03,8,067,1,0,103
01,072STDO,BETON ST-DOMINIQUE,02,9,020,1,0,102
01,297,SEMI 297,13,12,020,7000042,0,13
01,19AJL,BETONNIERE,01,10,020,1,0,101
01,23 RVSUD,23 BETON RIVE SUD,13,12,050,1,0,13
01,125LONG,BETON LONGUEUIL,01,11.5,010,1,0,101
01,344,34412B,2,8,010,7000066,1,2
01,SD57,******** INACTIF ********,01,7.5,080,1,0,101
01,30 STD,CARRIERE ST-DOMIQUE,02,12,050,1,0,102
01,33-BC,BETON CRETE,02,12,056,1,0,102
01,BB206,******** INACTIF ********,01,8,080,1,0,101
01,1 ERIE,CAMION DOMPEUR,03,8,067,1,0,103
01,2476 EXP,2476 BETON EXPRESS,01,6,005,1,0,101
01,192MOD,MODERNE192,13,12,010,1,0,13
01,96 MER,BETON MERCIER,20,8,020,1,0,20
01,148STD,CARRIERE ST-DO,02,11.5,050,1,0,102
01,120 BDD,120 BETON DU DOMAINE,01,7.5,005,1,0,101
01,59 BE640,BETON 640,01,7.5,010,1,0,101
01,901MELO,901MELOCHE,02,12.5,060,1,0,102
01,SD28,******** INACTIF ********,01,7.5,080,1,0,101
01,31 RENOV,RENOVA,01,8,057,1,0,101
01,9001MELO,MELOCHE,02,12.5,060,1,0,102
01,342,34212B,2,8,005,15515,1,2
01,325ABC,ABC RIVE NORD,13,8,005,1,0,13
01,CA65,******** INACTIF ********,01,7.5,080,1,0,101
01,046COUPA,046 BETON COUPAL,02,12,020,1,0,102
01,638 SUPR,SUPREME 638,01,7.5,050,1,0,101
01,58 BE640,BETON 640,01,7.5,005,1,0,101
01,27 RVSUD,27 BETON RIVE SUD,02,13,020,1,0,102
01,BEL5007,********** INACTIF **********,01,7.5,080,1,0,101
01,362,36212B,2,8,005,15428,0,2
01,2 ERIE,CAMION DOMPEUR,03,8,067,1,0,103
01,225 SUP,BETONNIERE,01,7.5,050,1,0,101
01,STD-21,******** INACTIF ********,02,12,080,1,0,102
01,411 STDO,411 STE-DOMINIQUE,01,6,057,1,0,101
01,201LONGU,BETON LONGUEUIL,13,12,050,1,0,13
01,98STD,CARRIERE ST-DO,02,11,020,1,0,102
01,69 ABC,69 ABC RIVE NORD,01,7.5,005,1,0,101
01,341,MACK 800,20,8,055,137,0,20
01,CA64,******** INACTIF ********,01,7.5,080,1,0,101
01,COW833,******** INACTIF ********,02,9.5,080,1,0,102
01,343,34312B,2,8,020,15460,1,2
01,25-BC,******** INACTIF ********,01,8,080,1,0,101
01,205 LON,BETONNIERE,01,7.5,020,1,0,101
01,603 BRUN,BETON BRUNET,01,7.5,035,1,0,101
01,176 MOD,MODERNE176,13,7,005,1,0,13
01,225LOG,BETONNIERE,01,7.5,020,1,0,101
01,3025COTE,3025COTEAU,02,12,020,1,0,102
01,524,52412T,13,12,005,15346,1,13
01,322,TRUCK322,1,8,005,15422,1,1
01,COW724,******** INACTIF ********,01,7.5,080,1,0,101
01,14RVS,14 RIVE SUD,20,7.5,020,1,0,20
01,30026COT,30026 COTEAU,02,10,057,1,0,102
01,LEG168,******** INACTIF ********,13,13,080,1,0,13
01,121LONG,BETONNIERE,01,7.5,057,1,0,101
01,52 BE640,BETON 640,01,7.5,010,1,0,101
01,21 MER,BETON MERCIER,18,8,020,1,0,18
01,TR998,******** INACTIF ********,01,6.5,080,999,0,101
01,PRO210,PROMIX,01,11.5,020,1,0,101
01,020AJLB,AJL BOURGEOIS,13,10,057,1,0,13
01,833COW,BETONNIERE,02,12,057,1,0,102
01,168 LEG,BETON LEGARDEUR,01,7.5,005,1,0,101
01,143STD,CARRIERE ST-DO,02,9,020,1,0,102
01,9-MC,MONT-CARMEL,01,7.5,056,1,0,101
01,388,38813B,3,8,005,15435,1,3
01,3 ERIE,CAMION DOMPEUR,03,8,067,1,0,103
01,56 BE640,BETON 640,20,12,010,1,0,20
01,115LONGU,BETON LONGUEUIL,13,11.5,010,1,0,13
01,172MOD,MODERNE172,13,7,080,1,0,13
01,54BE640,BETON640,01,12,005,1,0,101
01,156,TRUCK 156,29,8,054,15589,0,29
01,201PROMI,PROMIX,13,11.5,020,1,0,13
01,110VIC,********** INACTIF **********,20,12,080,1,0,20
01,7-MC,MONT-CARMEL,01,7.5,056,1,0,101
01,323,TRUCK323,16,8,035,15414,0,16
01,30025COT,BETON DU COTEAU,02,12,057,1,0,102
01,206 BRUN,BRUNET 206,20,8,020,1,0,20
01,LONG201,******** INACTIF ********,13,12,080,1,0,13
01,6-MC,******** INACTIF ********,01,7.5,080,1,0,101
01,725COW,BETONNIERE,01,8,057,1,0,101
01,602 BRUN,BRUNET 602,20,7.5,060,1,0,20
01,164LEGA,LEGARDEUR 164,13,12,010,1,0,13
01,TR997,******** INACTIF ********,01,8,080,999,0,101
01,CO754,******** INACTIF ********,01,7.5,080,1,0,101
01,5015 BEL,BETON BELMARRE,01,7.5,010,1,0,101
01,PRO106,******** INACTIF ********,11,7.5,080,1,0,11
01,204LONG,BETONNIERE,01,7.5,010,1,0,101
01,2482EXP,2482 EXPRESS,01,8,005,1,0,101
01,260-BE,******** INACTIF ********,02,12,080,1,0,102
01,206BB,BETON BRUNET,01,8,020,1,0,101
01,107-B34,BETON 34,01,8,056,1,0,101
01,258DMT,DEUX-MONTAGNES,13,7.5,005,1,0,13
01,962MELO,962MELOCHE,01,7.5,035,1,0,101
01,188MOD,MODERNE188,13,7.5,005,1,0,13
01,389,38913B,3,8,010,15446,1,3
01,155,TRUCK 155,21,8,035,15539,0,21
01,204PROMI,PROMIX,20,11.5,020,1,0,20
01,252SUP,BETON SUPREME,13,11.5,020,1,0,13
01,34 MER,BETON MERCIER,01,8,050,1,0,101
01,108-B34,BETON 34,01,8,056,1,0,101
01,2483EXP,2483EXPRESS,01,8,005,1,0,101
01,785,S.M.P. TRANSPORT,20,6.5,080,1,0,20
01,202BB,BETON BRUNET,01,8,035,99999999,0,101
01,196MOD,MODERNE196,13,12,010,1,0,13
01,120MOD,MODERNE120,13,7.5,080,1,0,13
01,BEL5002,********** INACTIF **********,01,7.5,080,1,0,101
01,123LONG,BETONNIERE,01,8,020,1,0,101
01,110-B34,BETON 34,13,8,055,1,0,13
01,521,TRUCK 521,1,8,005,15542,0,1
01,955MELO,955MELOCHE,01,7.5,060,1,0,101
01,1091-CE,BETON CENTRAL,01,7,056,1,0,101
01,48 COUPA,48 BETON COUPAL,02,11.5,020,1,0,102
01,202BR,BETON BRUNET,01,8,020,99999999,0,101
01,25 BOUR,BOURGEOIES,02,10,020,1,0,102
01,158,158,29,8,010,15277,1,29
01,043 COUP,043 BETON COUPAL,02,12,000,1,0,102
01,COT10027,******** INACTIF ********,01,6,080,1,0,101
01,BEL6404,******** INACTIF ********,13,12,080,1,0,13
01,MOD198,******** INACTIF ********,13,7.5,080,1,0,13
01,390,39013B,3,8,010,7000029,1,3
01,144,STERLING,13,8,055,184,0,13
01,182MOD,MODERNE182,13,7.5,005,1,0,13
01,157,157 BETONNIERE,21,8,050,7000038,0,21
01,309,TRUCK309,1,8,010,15486,1,1
01,CO720,******** INACTIF ********,02,12,080,1,0,102
01,4 ERIE,CAMION DOMPEUR,03,8,067,1,0,103
01,256DMT,DEUX-MONTAGNES,13,12,005,1,0,13
01,202 BRUN,BRUNET 202,01,8,057,1,0,101
01,698SSUP,BETON SUPREME,13,11,020,1,0,13
01,310,TRUCK310 DRILLER 24 08 2015,1,8,020,15358,0,1
01,CA51,******** INACTIF ********,01,7,080,1,0,101
01,109VIC,********** INACTIF **********,20,7,080,1,0,20
01,SUP591,******** INACTIF ********,13,11.5,080,1,0,13
01,52-CRM,******** INACTIF ********,11,8,080,1,0,11
01,418SUP,BETON SPUREME,13,9.5,020,1,0,13
01,SD.212,******** INACTIF ********,11,7,080,1,0,11
01,5 ERIE,CAMION DOMPEUR,03,8,067,1,0,103
01,198MOD,MODERNE198,13,7.5,005,1,0,13
01,23 MER,23BETON MERCIER,13,11.5,020,1,0,13
01,107,STERLING,20,8,056,174,0,20
01,BEL5003,********** INACTIF **********,11,7,080,1,0,11
01,345,34512T,16,8,035,15562,0,16
01,SH997,TRUCK PICK UP,01,12,056,999,0,101
01,20 AJLB,AJL BOURGEOIS,13,10,050,1,0,13
01,160,TRUCK 160 DRIILER 28 08 15,13,12,020,15383,1,13
01,439STD,BETONNIERE,11,6.5,050,1,0,11
01,15 MER,BETON MERCIER,01,8,020,1,0,101
01,119LONGU,BETON LONGUEUIL,13,12,010,1,0,13
01,054,INTERNATIONAL,20,7,056,165,0,20
01,186MOD,MODERNE186,13,7,005,1,0,13
01,127 STD,CARRIERE ST-DO,11,6.5,050,1,0,11
01,174MOD,MODERNE174,13,7,080,1,0,13
01,SUP618,BETONNIERE,01,7.5,050,1,0,101
01,436,TRUCK 436,21,8,005,15555,1,21
01,6 ERIE,CAMION DOMPEUR,03,8,067,1,0,103
01,112ABC,ABC RIVE NORD,20,8,005,1,0,20
01,252SD,BETONNIERE,11,9,020,1,0,11
01,214 STD,214 ST-DO,11,7.5,057,1,0,11
01,BS-655,******** INACTIF ********,11,7.5,080,1,0,11
01,5009 BEL,BELLEMARE,01,7.5,010,1,0,101
01,114 ABC,ABC,11,8,005,1,0,11
01,SUP678,******** INACTIF ********,01,7.5,080,1,0,101
01,26 AJLB,AJL BOURGEOIS,13,10,020,1,0,13
01,189,TRUCK 189 PAVAGE,24,8,020,7000069,1,24
01,7 ERIE,CAMION DOMPEUR,03,8,067,1,0,103
01,785 SMP,SMP,20,6.5,005,1,0,20
01,BEL014,******** INACTIF ********,13,12,080,1,0,13
01,106LO,BETONNIERE,11,7.5,050,1,0,11
01,30024COT,COTEAU,13,12,057,1,0,13
01,190,190,24,8,020,7000063,1,24
01,259DMT,DEUX-MONTAGNE,02,12,005,1,0,102
01,207 BRUN,BRUNET 207,01,8,020,1,0,101
01,191,TRUCK 191 PAVAGE,24,8,020,15467,0,24
01,8 ERIE,CAMION DOMPEUR,03,8,067,1,0,103
01,ABC913,******** INACTIF ********,01,8,080,1,0,101
01,025 COT,COTEAU,13,10,020,1,0,13
01,195,TRUCK 195 PAVAGE,24,8,005,15607,0,24
01,26 MER,BETON MERCIER,01,8,020,1,0,101
01,468SUP,BETONNIERE,11,7.5,050,1,0,11
01,183,TRUCK 183 BORDURE,30,7.5,057,15612,0,30
01,184,TRUCK 184 BORDURE,30,7.5,035,15562,0,30
01,71 ULTRA,71 ULTRAMIX,20,7.5,020,1,0,20
01,174,TRUCK 174,15,7.5,055,7000003,0,15
01,9 ERIE,CAMION DOMPEUR,03,8,067,1,0,103
01,312,312,1,8,020,15409,1,1
01,294,TRUCK 294 PAVAGE,16,8,058,2019,1,16
01,175,TRUCK 175,20,7.5,055,7000020,0,20
01,169,TRUCK 169,15,8,020,7000026,0,15
01,D123,******** INACTIF ********,11,7.5,080,1,0,11
01,75 MER,BETON MERCIER,01,8,020,1,0,101
01,170,TRUCK 170,15,7,057,15531,0,15
01,80 ULTRA,80 ULTRAMIX,13,7.5,020,1,0,13
01,5013 BEL,BELLEMARE,01,6,010,1,0,101
01,36MER,36 BETON MERCIER,02,11,050,1,0,102
01,BS-688,******** INACTIF ********,11,3,080,1,0,11
01,295,TRUCK 295,13,12,005,15246,0,13
01,209ABC,209 ABC RIVE NORD,11,7.5,005,1,0,11
01,SUP638,******** INACTIF ********,01,7.5,080,1,0,101
01,433,TRUCK 433,29,8,010,15369,1,29
01,171,TRUCK 171,20,8,005,15449,0,20
01,212,TRUCK 212,01,8,005,15438,0,101
01,112,TRUCK 112 BORDURE,14,8,020,15460,0,14
01,31 MER,31 MERCIER,01,8,020,1,0,101
01,502 BRUN,BRUNET 502,01,8,020,1,0,101
01,D133,******** INACTIF ********,20,6.5,080,1,0,20
01,231,TRUCK 231,01,8,005,15438,0,101
01,188,TRUCK 188 PAVAGE,24,8,005,15607,1,24
01,192,TRUCK 192 PAVAGE,24,8,005,15607,0,24
01,193,TRUCK 193 PAVAGE,24,8,054,15507,0,24
01,014BEL,BELLEMARE,13,12,005,1,0,13
01,257DMT,DEUX-MONTAGNE,01,7.5,005,1,0,101
01,196,TRUCK 196 PAVAGE,24,8,005,15274,0,24
01,178,TRUCK 178 PAVAGE,10,6,080,14414,0,10
01,1107 BRU,BRUNET 1107,11,7.5,020,1,0,11
01,RSUD14,******** INACTIF ********,11,8,080,1,0,11
01,182,TRUCL 182 BORDURE,14,7.5,035,15562,0,14
01,313,TRUCK313,1,8,010,7000065,1,1
01,185,TRUCK 185 BORDURE,15,7.5,035,7000041,0,15
01,653SUP,653 SUPREME,01,7,020,1,0,101
01,186,TRUCK 186 BORDURE,15,6.5,035,15392,0,15
01,SUP652,******** INACTIF ********,01,7,080,1,0,101
01,203PROMI,PROMIX,11,11.5,020,1,0,11
01,RS20,******** INACTIF ********,11,8,080,1,0,11
01,BEL6401,******** INACTIF ********,13,12,080,1,0,13
01,BEL6402,******** INACTIF ********,13,12,080,1,0,13
01,10 ERIE,CAMION DOMPEUR,03,8,067,1,0,103
01,9801BRU,BRUNET9801,20,7.5,057,1,0,20
01,RV17,******** INACTIF ********,11,7.5,080,1,0,11
01,275ABC,ABC RIVE NORD,13,8,005,1,0,13
01,108LO,BETONIERE,11,7.5,020,1,0,11
01,172,TRUCK 172 BORDURE,15,7.5,056,6000001,0,15
01,18RSUD,BETONNIERE,11,8,050,1,0,11
01,106,TRUCK 106 BORDURE,08,6.5,080,15281,0,108
01,11 ERIE,CAMION DOMPEUR,03,8,067,1,0,103
01,124,124 DUVAL,30,6,057,1,0,30
01,BS-689,******** INACTIF ********,11,3,080,1,0,11
01,271,MACK,01,6.5,060,15462,0,101
01,272,MACK,08,5,080,15223,0,108
01,273,SD-273,01,7.5,050,1,0,101
01,108 CAP,******** INACTIF ********,13,8,080,1,0,13
01,RSUD13,******** INACTIF ********,13,13,080,1,0,13
01,RS36,******** INACTIF ********,11,9.5,080,1,0,11
01,256 BEL,BELLEMARE 256,01,8,010,1,0,101
01,CO722,INACTIF,11,7.5,080,1,0,11
01,277,TRUCK 277,01,6.5,080,PARC,0,101
01,153SD,BETONNIERE,11,12,050,1,0,11
01,276,TRUCK 276,01,6.5,080,PARC,0,101
01,RSUD27,******** INACTIF ********,13,13,080,1,0,13
01,127,TRUCK 127/ST-LAMBERT,01,6.5,010,10152,0,101
01,BEL6403,******** INACTIF ********,13,12,080,1,0,13
01,SD127,******** INACTIF ********,11,7,080,1,0,11
01,956 MELO,MELOCHE,11,6,035,1,0,11
01,12 ERIE,CAMION DOMPEUR,03,8,067,1,0,103
01,162,TRUCK 162 BORDURE,08,5,050,99999999,0,108
01,L34,******** INACTIF ********,11,3,080,1,0,11
01,ABC61,******** INACTIF ********,13,12.5,080,1,0,13
01,80SD,BETONNIERE,11,12,050,1,0,11
01,D212,******** INACTIF ********,11,7.5,080,1,0,11
01,946 MELO,MELOCHE,11,7.5,060,1,0,11
01,056,TRUCK 056,13,12,010,15083,0,13
01,COW721,******** INACTIF ********,11,7.5,080,1,0,11
01,276ABC,ABC RIVE NORD,13,8,005,1,0,13
01,084,TRUCK 084 BORDURE,12,6,080,1,0,12
01,118,TRUCK 118 BORDURE,20,8,020,15436,0,20
01,119,TRUCK 119  BORDURE,30,8,010,15446,0,30
01,106PROMI,PROMIX,20,7.5,010,1,0,20
01,120,TRUCK 120 BORDURE,20,8,010,15481,0,20
01,5007BEL,BELLEMARE 5007,11,7.5,010,1,0,11
01,134 CAP,BETON DU CAP,01,8,010,1,0,101
01,122,TRUCK 122 BORDURE,08,6.5,080,15184,0,108
01,LEG162,******** INACTIF ********,13,13,080,1,0,13
01,125,TRUCK 125 BORDURE,08,6.5,080,15173,0,108
01,096,FULL  LOCK  096,16,8,035,15553,0,16
01,180MOD,MODERNE180,13,7,005,1,0,13
01,126,TRUCK 126 BORDURE,30,8,010,15520,0,30
01,58 STD,CARRIERE ST-DO,11,7,050,1,0,11
01,128,TRUCK 128 BORDURE 4 X 4,01,6.5,080,PARC,0,101
01,168,TRUCK 168/ST-LAMBERT,11,5,080,15347,0,11
01,274,MACK,01,8,005,15428,0,101
01,296,STERLING TRACTEUR SEMI,13,12,005,15246,1,13
01,279,TRUCK 279/ST-AUGUSTIN,01,5,080,15083,0,101
01,9702BRU,BRUNET 9702,13,12,040,1,0,13
01,179,TRUCK 179 PAVAGE,24,7.5,035,15614,0,24
01,177,TRUCK 177 BORDURE,30,7.5,020,15431,0,30
01,114LO,LOCATION LONGUEUIL,01,7.5,050,1,0,101
01,135,TRUCK 135 PAVAGE,24,8,020,7000052,1,24
01,113,TRUCK 113,01,8,005,15431,0,101
01,114,TRUCK 114 BORDURE,01,8,005,15509,0,101
01,116,TRUCK 116 BORDURE,01,8,005,15521,0,101
01,30AJLB,AJL BOURGEOIS 30,13,8,010,1,0,13
01,074,TRUCK 074 BORDURE,12,5,080,15143,0,12
01,71STD,CARRIERE ST-DO,11,11.5,020,1,0,11
01,9704 BRU,BETON BRUNET,01,8,040,1,0,101
01,086,TRUCK 086 BORDURE,12,5.5,080,14414,0,12
01,109,TRUCK 109 BORDURE,01,8,005,15438,0,101
01,110,TRUCK 110 BORDURE,09,5,080,1,0,109
01,214PRO,214 DE PROMIX,02,11.5,057,1,0,102
01,207,TRUCK 207,08,6.5,080,10110,0,108
01,33AJLB,A J L BOURGOIS,13,10,020,1,0,13
01,210,TRUCK 210 SCRAP,08,8,040,15346,0,108
01,402,40287B,08,6.5,035,15414,0,108
01,31AJLB,AJL BOURGOIS 31,01,6.5,020,1,0,101
01,COW726,******** INACTIF ********,20,7.5,080,1,0,20
01,059,TRUCK 059,13,10,020,F08,0,13
01,403,40387B,30,8,005,15431,0,30
01,404,TRUCK 404 SCRAP,08,6.5,060,15313,0,108
01,405,TRUCK 405 SCRAP,08,6.5,080,99999999,0,108
01,204,MACK,20,5,080,172,0,20
01,71 STD,CARRIERE ST-DO,11,11.5,020,1,0,11
01,406,TRUCK 406,30,8,005,15438,0,30
01,078,12 ROUE,01,7.5,080,1,0,101
01,130,TRUCK 130,09,6.5,080,F08,0,109
01,9501 BRU,SEMI,11,10.5,005,1,0,11
01,315,TRUCK315,1,8,005,15436,0,1
01,150,TRUCK 150  PAVAGE,16,8,035,15457,0,16
01,407,TRUCK 407,30,8,005,15438,0,30
01,LEG163,******** INACTIF ********,13,13,080,1,0,13
01,156SUP,156 SUPREME /ST-DOMI,01,7.5,020,1,0,101
01,410,MACK,20,5,080,70,0,20
01,123 STD,CARRIERE ST-DO,11,7.5,057,1,0,11
01,509,TRUCK 509 BORDURE,20,8,005,15305,0,20
01,510,TRUCK 510 BORDURE,20,8,005,15449,0,20
01,512,TRUCK 512 BORDURE,12,5,080,15057,0,12
01,500,TRUCK 500,01,6.5,080,15288,0,101
01,505,TRUCK 505 BORDURE,11,6.5,080,15180,0,11
01,506,TRUCK 506,01,5,080,15017,0,101
01,060,TRUCK 060,13,12,010,14387,0,13
01,5301 BRU,SEMI,11,10,005,,0,11
01,197,TRUCK 197 PAVAGE,24,8,035,15614,0,24
01,180,TRUCK 180 BORDURE,14,5.5,080,14347,0,14
01,129,TRUCK 129 BORDURE,01,8,005,15515,0,101
01,131,TRUCK 131,11,5,080,1,0,11
01,225,TRUCK 225  4 X 4,01,8,005,15438,0,101
01,511,TRUCK 511 BORDURE SLIDING,01,6.5,080,PARC,0,101
01,502,TRUCK 502 BORDURE,20,6.5,080,PARC,0,20
01,504,TRUCK 504 BORDURE,12,5,080,14405,0,12
01,122 DOMA,122 DU DOMAINE,11,8,005,1,0,11
01,319,TRUCK319,1,8,010,15214,1,1
01,057,TRUCK 057 SEMI,13,10,080,1,0,13
01,072,TRUCK 072  BORDURE,01,6.5,080,15143,0,101
01,434,BETONNIERE,14,8,050,15598,0,14
01,111,TRUCK 111 BORDURE 4 X 4,08,5,080,PARC,0,108
01,201,TRUCK 201,01,8,005,15436,0,101
01,HTZL999,CAMION PICK UP,11,8,065,1,0,11
01,203,TRUCK 203 / ST-LAMBERT,01,5,080,15347,0,101
01,13 ERIE,CAMION DOMPEUR,03,8,067,1,0,103
01,542,TRUCK 542,13,12,005,10124,0,13
01,136,TRUCK 136 PAVAGE,16,8,055,6000007,0,16
01,132,12 ROUE,01,6.5,080,F08,0,101
01,202 PROM,202 PROMIX,11,11.5,020,1,0,11
01,508,TRUCK 508,11,6.5,080,15243,0,11
01,513,TRUCK 513 BORDURE,20,8,005,15436,0,20
01,324,BETONNIERE,01,7,050,15615,0,101
01,503,TRUCK 503 BORDURE,20,6.5,080,15358,0,20
01,507,TRUCK 507 BORDURE,20,8,020,15365,0,20
01,103,TRUCK 103 BORDURE,01,5,080,1,0,101
01,101,TRUCK 101 BORDURE 4 X 4,01,6.5,080,15106,0,101
01,073,TRUCK 073,01,5,080,15054,0,101
01,32AJLB,AJL BOURGEOIS,01,6.5,020,1,0,101
01,LEG164,******** INACTIF ********,13,13,080,1,0,13
01,104 PROM,104 PROMIX,11,7.5,010,1,0,11
01,19 AJLB,AJL BOURGOIES,13,10,020,1,0,13
01,139,TRUCK 139 PAVAGE,16,8,055,6000008,0,16
01,075,TRUCK 075,20,6.5,060,15224,0,20
01,CO723,******** INACTIF ********,11,8,080,1,0,11
01,076,TRUCK 076,01,6.5,080,15371,0,101
01,39AJLB,AJL BOURGEOIS,01,12,010,1,0,101
01,085,TRUCK 085,01,5,080,15054,0,101
01,205 PRO,205 PROMIX,11,11.5,020,1,0,11
01,AJLB19,******** INACTIF ********,01,10,080,1,0,101
01,181,18199B,01,7.5,055,7000020,0,101
01,RVSUD 23,******** INACTIF ********,13,13,080,1,0,13
01,121LO,BETONNIERE,11,6.5,020,1,0,11
01,213,12 ROUE,01,6.5,080,F08,0,101
01,260,12 ROUE,01,5,080,F08,0,101
01,305,TRUCK 305,01,5,080,10110,0,101
01,MSA4,BETON MSA,11,6,080,1,0,11
01,RSUD17,******** INACTIF ********,13,8,080,1,0,13
01,332,"TRUCK 332, 10 ROUES",01,2,080,F08,0,101
01,333,"TRUCK 333, 10 ROUES",01,3.5,080,F08,0,101
01,RSUD33,BETONNIERE,13,12,050,1,0,13
01,34AJLB,AJL BOURGEOIS,01,8,057,1,0,101
01,400,12 ROUE,01,6.5,080,F08,0,101
01,409,12 ROUE,01,6.5,080,F08,0,101
01,M5,LOCATION DE BETONNIERE,01,3,080,1,0,101
01,208,MACK,20,6.5,080,169,0,20
01,M6,LOCATION DE BETONNIERE,01,3,080,1,0,101
01,M7,LOCATION DE BETONNIERE,01,3,080,1,0,101
01,S.D.153,******** INACTIF ********,02,11.5,080,1,0,102
01,M8,LOCATION DE BETONNIERE,01,3,080,1,0,101
01,M9,LOCATION DE BETONNIERE,01,7.5,080,1,0,101
01,LV1,LOCATION BETONNIERE,01,5,080,1,0,101
01,209,MACK,01,5,080,71,0,101
01,LV2,LOCATION BETONNIERE,01,5,080,1,0,101
01,6403 BEL,BELLEMARE 6403,13,12,010,1,0,13
01,S.D.123,******** INACTIF ********,11,7.5,080,1,0,11
01,069,TRUCK 069,13,13,080,10153,0,13
01,LV3,LOCATION BETONNIERE,01,2,080,1,0,101
01,LV4,BELLEMARRE 5009,01,3,080,1,0,101
01,LV5,BELLEMARRE 5003,01,3,080,1,0,101
01,LV6,BELLEMARRE 5007,01,3,080,1,0,101
01,LV7,LOCATION DE BETONNIERE,01,3,080,1,0,101
01,LV8,LOCATION DE BETONNIERE,01,3,080,1,0,101
01,LV9,LOCATION DE BETONNIERE,01,3,080,1,0,101
01,LP1,MSA 4,01,2,080,1,0,101
01,LP2,BETON MAS,01,2,080,1,0,101
01,101 PROM,101 PROMIX,11,7.5,010,1,0,11
01,LP3,COTEAU 7,01,5,080,1,0,101
01,CO724,******** INACTIF ********,11,7.5,080,1,0,11
01,LP4,COTEAU 25,01,3,080,1,0,101
01,LP5,COTEAU 10,01,3,080,1,0,101
01,LP6,COUPAL 46,01,5,080,1,0,101
01,LP7,LOCATION DE BETONNIERE,01,3,080,1,0,101
01,LP8,LOCATION DE BETONNIERE,01,3,080,1,0,101
01,LP9,LOCATION DE BETONNIERE,01,3,080,1,0,101
01,P1,LOCATION DE BETONNIERE,13,4,080,1,0,13
01,P2,BRUNET,01,4,080,1,0,101
01,36AJLB,AJL BOURGEOIS,01,6.5,080,1,0,101
01,049,TRUCK 049,13,12,020,15383,0,13
01,P3,LOCATION DE BETONNIERE,01,4,080,1,0,101
01,P4,LOCATION DE BETONNIERE,01,3,080,1,0,101
01,P5,LOCATION DE BETONNIERE,01,4,080,1,0,101
01,F1,LOCATION DE BETONNIERE,01,1,080,F08,0,101
01,103 PRO,103 PROMIX,11,7.5,010,1,0,11
01,F2,LOCATION DE BETONNIERE,01,1,080,F08,0,101
01,F3,LOCATION DE BETONNIERE,01,1,080,F08,0,101
01,F4,LOCATION DE BETONNIERE,01,1,080,F08,0,101
01,F5,LOCATION DE BETONNIERE,01,1,080,F08,0,101
01,F6,LOCATION DE BETONNIERE,01,1,080,1,0,101
01,249DMT,DEUX-MONTAGNES,13,7.5,010,1,0,13
01,F7,LOCATION DE BETONNIERE,01,1,080,1,0,101
01,F8,LOCATION DE BETONNIERE,01,1,080,F08,0,101
01,F9,LOCATION DE BETONNIERE,01,1,080,F08,0,101
01,230 ABC,ABC RIVE NORD,11,12,005,1,0,11
01,214,TRUCK 214 BORDURE,09,6.5,080,15282,0,109
01,230,TRUCK 230 BORDURE,09,6.5,080,15217,0,109
01,CO725,******** INACTIF ********,11,7.5,080,1,0,11
01,264,TRUCK 264,08,6.5,080,PARC,0,108
01,265,TRUCK 265 BORDURE,01,8,005,15438,0,101
01,266,TRUCK 266 BORDURE,09,6.5,080,PARC,0,109
01,092,092 DRILLER 30 08 15,30,8,020,15611,0,30
01,RSUD34,******** INACTIF ********,13,8,080,1,0,13
01,6404 BEL,BELLEMARE 6404,13,12,058,1,0,13
01,CA48,******** INACTIF ********,11,7,080,1,0,11
01,267,TRUCK 267 BORDURE,09,6.5,080,1,0,109
01,261,TRUCK 261 BORDURE,01,8,005,15030,0,101
01,140,TRUCK 140 PAVAGE,16,8,035,15562,0,16
01,216,TRUCK 216 BORDURE,01,6.5,080,15041,0,101
01,163,TRUCK 163 BORDURE,01,8,005,15436,0,101
01,330,FORD,20,5.5,080,164,0,20
01,M1,LOCATION DE BETONNIERE,01,3,080,1,0,101
01,M2,LOCATION DE BETONNIERE,01,3,080,1,0,101
01,M3,LOCATION DE BETONNIERE,01,7.5,080,1,0,101
01,M4,LOCATION DE BETONNIERE,01,2,080,1,0,101
01,P6,LOCATION DE BETONNIERE,01,4,080,1,0,101
01,253DMT,DEUX-MONTAGNES,13,7.5,005,1,0,13
01,P7,LOCATION DE BETONNIERE,01,4,080,1,0,101
01,P8,LOCATION DE BETONNIERE,01,4,080,1,0,101
01,133,TRUCK 133 PAVAGE,30,8,010,15446,0,30
01,089,BETONNIERE,21,8,020,15161,0,21
01,P9,LOCATION DE BETONNIERE,01,4,080,1,0,101
01,RVS23,******** INACTIF ********,13,13,080,1,0,13
01,H8,LOCATION DE BETONNIERE,01,6.5,050,1,0,101
01,H9,LOCATION DE BETONNIERE,01,6.5,050,1,0,101
01,334,FORD,20,5.5,080,172,0,20
01,068,TRUCK 068,13,12,057,15606,0,13
01,328,INACTIF,01,3.5,080,99999999,0,101
01,303,TRUCK 303,01,3.5,080,F08,0,101
01,304,TRUCK 304 (VOIR REGION EST),01,3.5,080,F08,0,101
01,215,TRUCK 215 BORDURE,01,6.5,080,15187,0,101
01,219,TRUCK 219 BORDURE,01,5,080,F08,0,101
01,999,TRUCK 999,01,3,080,10341,0,101
01,063,(NE PAS UTILISER) VOIR 050,13,12,080,15062,0,13
01,BEL5013,********** INACTIF **********,13,7.5,080,1,0,13
01,121,TRUCK 121 BORDURE 4 X 4,01,6.5,080,PARC,0,101
01,134,STERLING,20,8,056,7000005,0,20
01,709NEPVE,709 NEPVEU,01,8,035,1,0,101
01,117,TRUCK 117 BORDURE,30,8,010,15520,0,30
01,115,TRUCK 115 BORDURE,09,5,080,15162,0,109
01,123,TRUCK 123 BORDURE,01,8,005,15449,0,101
01,055,TRUCK 055,13,12,057,7000008,0,13
01,102,TRUCK 102 BORDURE,01,5,080,15026,0,101
01,218,TRUCK 218 PAVAGE,10,6.5,080,15054,0,10
01,435,BETONNIERE,16,8,050,7000018,0,16
01,022,TRUCK 022  PAVAGE,24,8,005,15604,1,24
01,RS25,******** INACTIF ********,11,12.5,080,1,0,11
01,024,TRUCK 024 PAVAGE,24,8,005,7000053,0,24
01,026,026 PAVAGE DRILLER 30 08 15,24,8,020,7000031,1,24
01,ABC57,******** INACTIF ********,13,12,080,1,0,13
01,023,TRUCK 023 PAVAGE,24,8,005,15405,0,24
01,205 BRUN,BRUNET 205,01,7.5,035,1,0,101
01,025,TRUCK 025 PAVAGE,24,8,005,15559,1,24
01,CA56,******** INACTIF ********,11,7,080,1,0,11
01,203 BRUN,BRUNET 203,20,7.5,035,1,0,20
01,325,BETONNIERE,1,7,050,7000011,0,1
01,327,FORD,20,3.5,056,164,0,20
01,544 STDO,544 ST-DOMINIQUE,11,7.5,050,1,0,11
01,095,MACK GRANITE,01,8,056,7000000,0,101
01,P999,PICK UP (ILE-PERROT),06,7.5,035,999,0,106
01,LP999,PICK UP (LAPRAIRIE),01,1,020,999,0,101
01,M999,PICK UP (MTL-EST),01,8,005,999,0,101
01,LV999,PICK UP (LAVAL),01,6.5,005,999,0,101
01,07 MER,BETON MERCIER,01,8,020,1,0,101
01,14 ERIE,CAMION DOMPEUR,03,8,067,1,0,103
01,199,TRUCK 199,21,8,035,15408,0,21
01,029,TRUCK 029 PAVAGE,24,8,005,15580,1,24
01,26COT,BETONNIERE,11,12,050,1,0,11
01,SUP651,******** INACTIF ********,14,7,080,1,0,14
01,028,TRUCK 028 PAVAGE,24,8,005,15401,0,24
01,1011 ABC,1011 ABC,20,12,005,1,0,20
01,27 MER,MERCIER,13,12,050,1,0,13
01,CA60,******** INACTIF ********,11,7.5,080,1,0,11
01,087,MACK GRANIT,01,8,056,7000005,0,101
01,132PROMI,132  PROMIX,02,12,020,1,0,102
01,162 STD,162  ST-DOMMINIQUE,01,7.5,020,1,0,101
01,099,STERLING PAVAGE,23,8,058,2022,1,23
01,RS19,******** INACTIF ********,11,8,080,1,0,11
01,15 ERIE,CAMION DOMPEUR,03,8,067,1,0,103
01,CA66,******** INACTIF ********,11,7,080,1,0,11
01,138,TRUCK 138 PAVAGE,16,8,035,15614,0,16
01,CA67,******** INACTIF ********,11,7,080,1,0,11
01,ABC10,******** INACTIF ********,13,12,080,1,0,13
01,142,BETONNIERE,16,7,020,15615,0,16
01,58 AJLB,AJLBOURGEOIS,13,9,057,1,0,13
01,19 MER,BETON MERCIER,13,12,020,1,0,13
01,CA68,******** INACTIF ********,11,7,080,1,0,11
01,065,TRUCK 065,13,12,005,15377,1,13
01,143,TRUCK  143  PAVAGE,16,8,057,7000056,0,16
01,25 LUNI,LUNICK 25,11,7.5,005,1,0,11
01,CA69,******** INACTIF ********,11,12,080,1,0,11
01,25 MER,MERCIER,02,12,050,1,0,102
01,CA-67,******** INACTIF ********,11,3,080,1,0,11
01,L39,******** INACTIF ********,11,7.5,080,1,0,11
01,L33,******** INACTIF ********,11,7,080,1,0,11
01,CA-51,******** INACTIF ********,11,7,080,1,0,11
01,CA-57,******** INACTIF ********,11,7,080,1,0,11
01,120LO,LOCATION LONGUEUIL,01,7.5,020,1,0,101
01,9703BRUN,BRUNET 9703,20,12,060,1,0,20
01,960 MELO,960 MELOCHE,11,7.5,005,1,0,11
01,39  PROM,39 PROMIX,11,7.5,010,1,0,11
01,33 LUNI,LUNICK 33,11,7.5,005,1,0,11
01,417,TRUCK 417,08,6.5,080,15194,0,108
01,151LEGAR,LEGARDEUR 151,11,6.5,005,1,0,11
01,8067,NOUVEAU 192,01,1,080,F08,0,101
01,030,TRUCK 030 PAVAGE,24,8,054,7000051,1,24
01,034,TRUCK 034,24,8,010,7000065,0,24
01,035,TRUCK 035 PAVAGE,24,8,054,7000062,1,24
01,032,TRUCK 032  PAVAGE,19,8,057,15582,0,19
01,122 LUNI,LUNICK 122,11,7,005,1,0,11
01,037,TRUCK 037 PAVAGE,24,7.5,035,15578,0,24
01,051,TRUCK 051,13,9,080,10143,0,13
01,123 LUNI,LUNICK 123,11,7,005,1,0,11
01,TR999,PICK UP 8M3      TROIS-RIV.,06,8,055,999,0,106
01,162LEGAR,LEGARDEUR 162,11,12,010,1,0,11
01,204 BRUN,BETON BRUNET,01,7.5,035,1,0,101
01,124BDD,BETON DOMAINE 124,11,7.5,005,1,0,11
01,045,TRUCK 045,13,10,080,14387,0,13
01,042,TRUCK 042  BORDURE,29,8,010,7000066,0,29
01,019,TRUCK 019   PAVAGE,29,8,054,7000059,1,29
01,047,TRUCK 047,13,10,080,F08,0,13
01,008,TRUCK 008   PAVAGE,16,8,035,15553,0,16
01,020,TRUCK 2003 PAVAGE,01,8,020,15611,1,101
01,080,TRUCK 080 PAVAGE FULLOCK,10,6.5,080,10140,0,10
01,2003,TRUCK 2003   PAVAGE,10,5,080,14341,0,10
01,010,TRUCK 010   PAVAGE,29,8,005,15542,0,29
01,123BDD,BETON DOMAINE 123,11,7.5,005,1,0,11
01,053,TRUCK 053,13,12,057,7000008,0,13
01,052,TRUCK 052,13,12,005,15376,0,13
01,018,TRUCK 018   PAVAGE,29,8,010,7000026,0,29
01,822 MER,BETON MERCIER,01,8.5,020,1,0,101
01,833SUPR,SUPREME,01,9.5,020,1,0,101
01,10 ABC,ABC RIVE NORD 10,13,12.5,005,1,0,13
01,112LONG,112 BEONT LONGUEUIL,11,6.5,050,1,0,11
01,176,TRUCK 176,30,7.5,058,2057,0,30
01,29 AJL,LOCATION AJL,11,8,050,1,0,11
01,BS-687,******** INACTIF ********,11,3,080,1,0,11
01,MOD190,******** INACTIF ********,13,13,080,1,0,13
01,MOD194,******** INACTIF ********,13,13,080,1,0,13
01,961MELO,MELOCHE,11,7.5,060,1,0,11
01,133SD,BETONNIERE,11,7,050,1,0,11
01,834COWS,COWANSVILLE,01,12,020,1,0,101
01,190MOD,MODERNE190,13,12,005,1,0,13
01,953MELO,MELOCHE,11,6.5,060,1,0,11
01,194MOD,MODERNE194,13,12,005,1,0,13
01,13 ABC,ABC RIVE NORD 13,01,8,005,1,0,101
01,57 ABC,ABC RIVE NORD 57,13,12.5,005,1,0,13
01,234,23481B,20,7,055,,0,20
01,050,TRUCK 050,13,12,010,15423,0,13
01,H1,LOCATION DE BETONNIERE,01,6.5,080,1,0,101
01,H2,LOCATION DE BETONNIERE,01,6.5,080,1,0,101
01,H3,LOCATION DE BETONNIERE,01,6.5,050,1,0,101
01,H4,LOCATION DE BETONNIERE,01,6.5,050,1,0,101
01,H5,LOCATION DE BETONNIERE,01,6.5,050,1,0,101
01,H6,LOCATION DE BETONNIERE,01,6.5,050,1,0,101
01,H7,LOCATION DE BETONNIERE,01,6.5,050,1,0,101
01,H10,LOCATION DE BETONNIERE,01,6.5,050,1,0,101
01,H11,LOCATION DE BETONNIERE,01,6.5,050,1,0,101
01,H12,LOCATION DE BETONNIERE,01,6.5,050,1,0,101
01,H999,PICK UP (ST-HILAIRE),11,8,050,999,0,11
01,088,FULL LOCK 088,14,8,035,15577,0,14
01,090,FULL LOCK 090,30,8,020,7000063,0,30
01,291,TRUCK 291,13,12,005,15377,0,13
01,422,TRUCK 422,08,6.5,080,15224,0,108
01,77 ABC,77 ABC,01,8,005,1,0,101
01,243-BE,******** INACTIF ********,11,12,080,1,0,11
01,32-BC,READY MIX,11,8,056,1,0,11
01,PRO203,******** INACTIF ********,13,12,080,1,0,13
01,082,TRUCK  082  PAVAGE,10,6.5,080,15223,0,10
01,30-BC,******** INACTIF ********,11,8,080,1,0,11
01,AJLB36,******** INACTIF ********,01,6.5,080,1,0,101
01,PRO204,******** INACTIF ********,13,12,080,1,0,13
01,824 MER,BETON MERCIER,01,8,020,15143,0,101
01,25RSUD,25 RIVE-SUD,11,12,020,1,0,11
01,098,FULL  LOCK  098,29,8,005,15436,1,29
01,26 COTEA,26 COTEAU,13,12,057,1,0,13
01,097,TRUCK 097 PAVAGE,29,8,020,15358,1,29
01,200,FULL  LOCK  200,29,8,010,7000065,0,29
01,AJLB27,******** INACTIF ********,01,6.5,080,1,0,101
01,AJLB30,******** INACTIF ********,13,10,080,1,0,13
01,AJLB32,******** INACTIF ********,01,6.5,080,1,0,101
01,AJLB33,******** INACTIF ********,13,10,080,1,0,13
01,AJLB39,******** INACTIF ********,01,10,080,1,0,101
01,AJLB48,******** INACTIF ********,13,10,080,1,0,13
01,PARC300,******** INACTIF ********,01,6.5,080,1,0,101
01,PARC301,******** INACTIF ********,01,6.5,080,1,0,101
01,PARC302,******** INACTIF ********,01,7,080,1,0,101
01,PARC303,******** INACTIF ********,01,6.5,080,1,0,101
01,PARC304,******** INACTIF ********,01,7,080,1,0,101
01,PARC305,******** INACTIF ********,01,7.5,080,1,0,101
01,PARC306,******** INACTIF ********,01,7.5,080,1,0,101
01,PARC307,******** INACTIF ********,01,7.5,080,1,0,101
01,PARC308,******** INACTIF ********,01,7.5,080,1,0,101
01,157PROM,157 PROMIX,01,7.5,020,1,0,101
01,PARC309,******** INACTIF ********,01,7,080,1,0,101
01,PARC310,******** INACTIF ********,01,7.5,080,1,0,101
01,913ABC,ABC RIVE NORD 913,01,8,005,1,0,101
01,AJLB31,******** INACTIF ********,01,6.5,080,1,0,101
01,298,STERLING TRACTEUR SEMI,13,12,005,15376,0,13
01,COW-7-20,LOCATION,11,9.5,050,1,0,11
01,AJLB49,******** INACTIF ********,13,10,080,1,0,13
01,AJLB34,******** INACTIF ********,01,6.5,080,1,0,101
01,AJLB50,********** INACTIF **********,13,10,080,1,0,13
01,AJLB52,******** INACTIF ********,13,10,080,1,0,13
01,AJLB53,******** INACTIF ********,13,10,080,1,0,13
01,GR830,******** INACTIF ********,01,1,080,1,0,101
01,BEL5009,********** INACTIF **********,13,8,080,1,0,13
01,GR831,******** INACTIF ********,01,1,080,1,0,101
01,34LUN,34  LUNICK,01,7.5,005,1,0,101
01,GR832,******** INACTIF ********,01,1,080,1,0,101
01,GR833,******** INACTIF ********,01,1,080,1,0,101
01,GR834,******** INACTIF ********,01,1,080,1,0,101
01,GR835,******** INACTIF ********,01,1,080,1,0,101
01,GR838,******** INACTIF ********,01,1,080,1,0,101
01,GR841,******** INACTIF ********,01,1,080,1,0,101
01,GR842,******** INACTIF ********,01,1,080,1,0,101
01,GR843,******** INACTIF ********,01,1,080,1,0,101
01,GR850,********** INACTIF **********,01,1,080,1,0,101
01,GR851,********** INACTIF **********,01,1,080,1,0,101
01,GR906,******** INACTIF ********,01,1,080,1,0,101
01,GR908,******** INACTIF ********,01,1,080,1,0,101
01,GR909,******** INACTIF ********,01,1,080,1,0,101
01,GR910,******** INACTIF ********,01,1,080,1,0,101
01,GR1236,******** INACTIF ********,01,1,080,1,0,101
01,263,TRUCK 263 PAVAGE,29,8,005,15521,1,29
01,GR1237,******** INACTIF ********,01,12,080,1,0,101
01,GR1239,******** INACTIF ********,01,1,080,1,0,101
01,GR1240,******** INACTIF ********,01,1,080,1,0,101
01,GR1244,******** INACTIF ********,01,1,080,1,0,101
01,GR803,******** INACTIF ********,01,1,080,1,0,101
01,GR945,******** INACTIF ********,01,1,080,1,0,101
01,GR905,******** INACTIF ********,01,1,080,1,0,101
01,GR912,******** INACTIF ********,01,1,080,1,0,101
01,GR913,******** INACTIF ********,01,1,080,1,0,101
01,GR949,******** INACTIF ********,01,1,080,1,0,101
01,GR1014,******** INACTIF ********,01,1,080,1,0,101
01,GR1018,******** INACTIF ********,01,1,080,1,0,101
01,GR1246,******** INACTIF ********,01,1,080,1,0,101
01,GR848,******** INACTIF ********,01,1,080,1,0,101
01,GR852,********** INACTIF **********,01,1,080,1,0,101
01,GR804,******** INACTIF ********,01,1,080,1,0,101
01,GR1015,******** INACTIF ********,01,1,080,1,0,101
01,27 AJLB,AJL BOURGEOIS,13,8,020,1,0,13
01,PRO102,******** INACTIF ********,11,7.5,080,1,0,11
01,GR911,******** INACTIF ********,01,1,080,1,0,101
01,GR907,******** INACTIF ********,01,1,080,1,0,101
01,28 AJLB,AJL BOURGEOIS,13,8,050,1,0,13
01,LA9801,******** INACTIF ********,01,1,080,1,0,101
01,LA9802,******** INACTIF ********,01,1,080,1,0,101
01,LA9903,******** INACTIF ********,01,1,080,1,0,101
01,27 COTEA,27 COTEAU,13,7.5,050,1,0,13
01,CA55,******** INACTIF ********,11,7,080,1,0,11
01,LA0004,******** INACTIF ********,01,1,080,1,0,101
01,LA0105,******** INACTIF ********,01,1,080,1,0,101
01,LA0206,******** INACTIF ********,01,1,080,1,0,101
01,LA8810,******** INACTIF ********,01,1,080,1,0,101
01,32 MER,32 MERCIER,01,8,020,1,0,101
01,6405BEL,BELLEMARE 6405,13,12,010,1,0,13
01,LA01111,******** INACTIF ********,01,1,080,1,0,101
01,LA8812,******** INACTIF ********,01,1,080,1,0,101
01,LA8814,******** INACTIF ********,01,1,080,1,0,101
01,LA8815,******** INACTIF ********,01,1,080,1,0,101
01,LA8816,******** INACTIF ********,01,1,080,1,0,101
01,LA1247,******** INACTIF ********,11,1,080,1,0,11
01,S.D.214,******** INACTIF ********,20,7.5,080,1,0,20
01,5002BEL,BELLEMARE 5002,01,7.5,010,1,0,101
01,COT-04,******** INACTIF ********,11,3,080,1,0,11
01,386,38613B DRILLER 28 08 2015,3,8,010,15415,1,3
01,COW-7-21,******** INACTIF ********,11,7.5,080,1,0,11
01,COT-05,******** INACTIF *********,11,3,080,1,0,11
01,COT-07,******** INACTIF ********,11,7,080,1,0,11
01,COW-7-22,******** INACTIF ********,11,7.5,080,1,0,11
01,3-MC,MONT-CARMEL,11,7.5,056,1,0,11
01,COT-09,******** INACTIF ********,11,3,080,1,0,11
01,COT-12,******** INACTIF ********,11,3,080,1,0,11
01,COT-15,******** INACTIF ********,11,7,080,1,0,11
01,COT-16,******** INACTIF ********,11,7.5,080,1,0,11
01,COT-17,******** INACTIF ********,11,7.5,080,1,0,11
01,COW-7-23,******** INACTIF ********,11,7.5,080,1,0,11
01,COW-7-24,******** INACTIF ********,11,7.5,080,1,0,11
01,COW-7-25,******** INACTIF ********,11,7.5,080,1,0,11
01,363,36312B,2,8,020,15431,1,2
01,CA-56,******** INACTIF ********,11,3,080,1,0,11
01,COT-24,******** INACTIF ********,11,12.5,080,1,0,11
01,CA-60,******** INACTIF ********,11,3,080,1,0,11
01,71CA,71 ACTONVALE,11,7.5,050,1,0,11
01,COT-25,******** INACTIF ********,11,12.5,080,1,0,11
01,RSUD22,******** INACTIF ********,01,8,080,1,0,101
01,CA-62,******** INACTIF ********,11,7.5,080,1,0,11
01,CA-66,******** INACTIF ********,11,3,080,1,0,11
01,CA-68,******** INACTIF ********,11,3,080,1,0,11
01,6401 BEL,BELLEMARE 6401,13,12,010,1,0,13
01,15RVS,15 RIVE SUD,20,6.5,020,1,0,20
01,BS-608,******** INACTIF ********,11,5,080,1,0,11
01,364,36412B,2,8,020,15107,1,2
01,BS-612,******** INACTIF ********,11,3,080,1,0,11
01,BS-613,******** INACTIF ********,11,3,080,1,0,11
01,BS-628,******** INACTIF ********,11,7.5,080,1,0,11
01,BS-632,******** INACTIF ********,11,3,080,1,0,11
01,BS-680,******** INACTIF ********,11,7.5,080,1,0,11
01,BS689,******** INACTIF ********,11,3,080,1,0,11
01,244-BE,******** INACTIF ********,11,7,080,1,0,11
01,RS10,******** INACTIF ********,11,8,080,1,0,11
01,245-BE,******** INACTIF ********,11,7,080,1,0,11
01,16 COTEA,16 COTEAU,13,7.5,020,1,0,13
01,20RVS,20 CAMION RIVE SUD,20,7.5,020,1,0,20
01,COW-7-26,******** INACTIF ********,11,7.5,080,1,0,11
01,249,TRUCK 249 PAVAGE,29,8,005,15213,1,29
01,9MSA,MSA,11,7.5,060,1,0,11
01,698 STDO,698 STE-DOMINIQUE,13,9.5,020,1,0,13
01,246-BE,******** INACTIF ********,11,7,035,15547,0,11
01,3 MSA,MSA,11,7.5,020,1,0,11
01,6402 BEL,BELLEMARRE 6402,13,12,058,1,0,13
01,SH998,TRUCK PICK UP,01,12,056,999,0,101
01,678STDO,BETON ST-DOMINIQUE,01,7.5,020,1,0,101
01,116LO,LOCATION LONGUEUIL,01,7.5,050,1,0,101
01,6407BEL,BELLEMARE 6407,13,12,010,1,0,13
01,247-BE,******** INACTIF ********,11,7,080,1,0,11
01,RS35,******** INACTIF ********,11,8,080,1,0,11
01,RV13,******** INACTIF ********,11,12.5,080,1,0,11
01,ABC77,******** INACTIF ********,01,8,080,1,0,101
01,BEL6407,******** INACTIF ********,13,12,080,1,0,13
01,MSA3,MSA 3,01,7.5,080,1,0,101
01,RSUD10,******** INACTIF ********,11,6.5,080,1,0,11
01,1014GRI,********** INACTIF **********,01,8,080,1,0,101
01,1015GRI,********** INACTIF **********,01,8,080,1,0,101
01,1018GRI,********** INACTIF **********,01,8,080,1,0,101
01,1236GRIL,BETON GRILLI 1236,01,8,080,1,0,101
01,1237GRIL,BETON GRILLI 1237,01,12,080,1,0,101
01,1239GRIL,BETON GRILLI 1239,01,8,080,1,0,101
01,1240GRIL,BETON GRILLI 1240,01,8,080,1,0,101
01,1244GRIL,BETON GRILLI 1244,01,8,080,1,0,101
01,1246GRIL,BETON GRILLI 1246,01,8,080,1,0,101
01,803GRIL,BETON GRILLI 803,01,8,080,1,0,101
01,804GRIL,BETON GRILI 804,01,8,080,1,0,101
01,61ABC,ABC RIVE NORD 61,13,12.5,005,1,0,13
01,3MSA,MSA3,01,7.5,080,1,0,101
01,4MSA,MSA 4,01,6,080,1,0,101
01,248-BE,******** INACTIF ********,11,7,080,1,0,11
01,148,TRUCK 148   PAVAGE,30,8,005,15428,0,30
01,822,MACK,23,8,057,15568,0,23
01,149,TRUCK 149   PAVAGE,16,8,035,15547,0,16
01,292,TRUCK 292,13,12,010,15076,1,13
01,ACHATEXT,ACHAT EXTERIEUR,07,35,099,3,0,107
01,126LONG,LONGUEUIL,11,7.5,020,1,0,11
01,832,KENWORTH,11,8,057,15535,0,11
01,53BE640,BETON 640,11,8,005,1,0,11
01,224 ABC,CAMION ABC,11,8,000,1,0,11
01,01 ABC,CAMION ABC,13,8,005,1,0,13
01,249-BE,******** INACTIF ********,11,5,080,1,0,11
01,254-BE,BELLEMARE BETON,11,8,056,1,0,11
01,50 AJLB,AJL BOURGEOIS,11,10.5,057,1,0,11
01,012ABC,ABC RIVENORD,20,7.5,005,1,0,20
01,108,STERLING,20,8,055,7000003,0,20
01,10016 CO,BETON DU COTEAU,11,7.5,050,1,0,11
01,255-BE,******** INACTIF ********,11,5,080,1,0,11
01,16MSA,BETON MSA,01,7.5,050,1,0,101
01,365,36512B,20,8,055,137,0,20
01,AJL27,******** INACTIF ********,11,7.5,080,1,0,11
01,256-BE,******** INACTIF ********,11,8,080,1,0,11
01,113ABC,ABC RIVE NORD,13,8,005,1,0,13
01,SD212,******** INACTIF ********,11,7.5,080,1,0,11
01,20 MER,MERCIER,20,8,020,1,0,20
01,532,TRUCK 532,13,12,005,14411,1,13
01,522,TRUCK 532,13,12,005,15377,0,13
01,257-BE,BELLEMARE BETON,11,8,056,1,0,11
01,258-BE,BELLEMARE BETON,11,8,056,1,0,11
01,259-BE,BELLEMARE BETON,11,5.5,055,1,0,11
01,253-BE,******** INACTIF ********,11,5,080,1,0,11
01,41 ADAM,BETON ADAM,13,12,005,1,0,13
01,366,36612B,2,8,010,15423,1,2
01,537,TRUCK 537,13,12,010,15076,0,13
01,ERIE 1,******** INACTIF ********,03,8,080,1,0,103
01,5021BEL,BELLEMARE 5021,01,8,058,1,0,101
01,036 BDD,036  BETON DU DOMAINE,01,7.5,005,1,0,101
01,021BDD,021 BETON DU DOMAINE,01,7.5,040,1,0,101
01,16 COT,BETON DU COTEAU,11,7.5,050,1,0,11
01,1568 DUV,DUVAL 1568,13,7,005,1,0,13
01,133 PROM,133 PROMIX,02,11.5,010,1,0,102
01,110 PROM,110 PROMIX,11,7.5,020,1,0,11
01,212 PROM,PROMIX,02,12,057,1,0,102
01,429BE640,BETON 640,13,12,010,1,0,13
01,55BE640,BETON  640,01,8,010,1,0,101
01,124LONG,LONGUEUIL 124,01,7.5,020,1,0,101
01,668STDO,668 ST-DOMINIQUE,11,7.5,020,1,0,11
01,COW723,******** INACTIF ********,11,7.5,080,1,0,11
01,31 COT,BETON DU COTEAU,01,7.5,050,1,0,101
01,50BE640,********** INACTIF **********,01,11,080,1,0,101
01,834,KENWORTH,11,8,057,2100,0,11
01,830,STERLING,11,8,057,15566,0,11
01,831,STERLING,11,8,057,2149,0,11
01,67 RONO,BETONNIERE,33,7.5,050,1,0,33
01,807,PETERBILT,09,8,057,2118,0,109
01,828,STERLING,11,8,057,15588,0,11
01,821,MACK 700,11,7.5,056,7000001,0,11
01,824,MACK,01,8,057,15588,0,101
01,826,VOLVO,11,8,057,15421,0,11
01,820,VOLVO,11,8,057,15421,0,11
01,875,STERLING,01,8,055,6000007,0,101
01,896,KENWORTH,01,8,057,15605,0,101
01,815,KENWORTH,09,8,057,7000008,0,109
01,835,PETERBILT,02,12,057,7000008,0,102
01,827,MACK,02,12,057,2157,0,102
01,836,PETERBILT,02,10.5,057,2120,0,102
01,825,MACK,02,12.5,057,2157,0,102
01,819,MACK 600,02,12,057,2110,0,102
01,383,38313B,3,8,020,15451,1,3
01,381,38113B,3,8,005,15405,0,3
01,384,384  CAMION DRILLER 30 08 15,3,8,054,15507,1,3
01,385,38513B,3,8,020,15516,1,3
01,387,38713B,3,8,005,15162,1,3
01,391,39113B,3,8,010,15488,1,3
01,392,39213B,3,8,005,15432,1,3
01,807 MER,807  BETON  MERCIER,11,7,020,1,0,11
01,826 MER,826  BETON  MERCIER,01,7,057,15582,0,101
01,828 MERC,828  BETON  MERCIER,01,7,020,1,0,101
01,156 PROM,156 PROMIX,01,7.5,010,1,0,101
01,SD-273,******** INACTIF ********,01,7.5,080,1,0,101
01,825 MERC,825 BETON  MERCIER,02,12,040,1,0,102
01,830 MERC,830  BETON MERCIER,01,7,020,1,0,101
01,832 MERC,832 BETON MERCIER,01,7,020,1,0,101
01,127 TFB,127 TRANSP FRANCOIS  BESLILE,01,7.5,005,1,0,101
01,875 MERC,875 BETON  MERCIER,01,7,020,1,0,101
01,478,MACK (ANCIEN #60),02,12,058,700013,0,102
01,26RVS,26 CAMION RIVE SUD,20,11,020,1,0,20
01,54LONG,54 BETON LONGUEUIL,02,12,010,1,0,102
01,529BE640,BETON 640,11,8,005,1,0,11
01,548,MACK (ANCIEN #61),01,8,058,2023,1,101
01,835MERC,BETON  MERCIER,02,12,040,1,0,102
01,309ABC,309  ABC,01,7.5,040,1,0,101
01,531,MACK (ANCIEN #58),01,8,058,15560,1,101
01,468,MACK (ANCIEN #54),02,12,058,2068,1,102
01,476,MACK (ANCIEN #56),02,12,058,2068,0,102
01,819MERC,819  BETON MERCIER,02,12,040,1,0,102
01,430,MACK,02,12,058,2026,0,102
01,536,MACK (ANCIEN #59),01,8,058,2047,1,101
01,528,MACK (ANCIEN #53),01,8,058,15560,0,101
01,527,MACK (ANCIEN #52),01,8,058,7000054,1,101
01,526,MACK (ANCIEN #51),01,8,058,2072,1,101
01,529,MACK (ANCIEN #55),01,8,058,2057,1,101
01,429,MACK,02,12,058,2026,1,102
01,466,TRUCK 466,13,12,058,7000013,0,13
01,MA999,PICK UP (MASCOUCHE),01,8,093,999,0,101
01,CH999,PICK UP  (CHATEAUGUAY),01,8,057,999,0,101
01,87,INACTIF,16,6.5,040,176,0,16
01,33 RENOV,RENOVA,01,6,000,1,0,101
01,32 RENOV,RENOVA,01,6,057,1,0,101
01,5021-BE,********** INACTIF **********,11,10,080,99999999,0,11
01,831COW,COWANSVILLE,01,7.5,057,1,0,101
01,6406-BE,SEMI,11,10,056,1,0,11
01,6406-B,SEMI,02,12,056,1,0,102
01,834COW,"LOCATION,CAMION",02,9.5,057,1,0,102
01,203LACO,CAMION LACO 203,01,6,005,1,0,101
01,409 UNIR,409 UNIROC,01,8,005,1,0,101
01,408 UNIR,UNIROC,01,8,058,1,0,101
01,2176 MOD,BETON MOEDERNE,01,7,005,1,0,101
01,2170 MOD,BETON MODERNE,01,7.5,005,1,0,101
01,2120 MOD,BETON MODERNE,01,7.5,005,1,0,101
01,404 UNIR,UNIROC,01,8,005,1,0,101
01,2178 MOD,BETON MODERNE,01,7,010,1,0,101
01,406 UNIR,UNIROC,01,6.5,058,1,0,101
01,407 UNIR,UNIROC,01,8,005,1,0,101
01,405 UNIR,UNIROC,01,6.5,005,1,0,101
01,2192 MOD,BETON MODERNE,02,12,005,1,0,102
01,10027COT,BETON DU COTEAU,01,6,057,1,0,101
01,87 DUV,DUVAL 87,01,7.5,050,1,0,101
01,283 DUV,DUVAL 283,01,7.5,058,1,0,101
01,2180 MOD,MODERNE 2180,01,7,005,1,0,101
01,2172 MOD,BETON  MODERNE,01,7,005,1,0,101
01,2071GENE,BETON GENEREUX,01,8,005,1,0,101
01,204 LACO,TRANSPORT LACO,01,6,005,1,0,101
01,4081GENE,BETON GENEREUX,02,12,005,1,0,102
01,4041GENE,BETON GENEREUX,02,12,005,1,0,102
01,250DEUXM,******** INACTIF ********,01,7.5,080,1,0,101
01,2188 MOD,BETON  MODERNE,01,7.5,040,1,0,101
01,412 MOD,BETON MODERNE,11,8,005,1,0,11
01,152 LEG,BETON LEGARDEUR,01,7.5,005,1,0,101
01,412 UNIR,BETON UNIROC,01,6.5,005,1,0,101
01,433UNIB,LOCATION UNIBETON,11,8,000,1,0,11
01,390UNIB,LOCATION UNIBETON,18,8,000,1,0,18
01,030UNIB,LOCATION UNIBETON,11,8,000,1,0,11
01,391UNIB,LOCATION UNIBETON,10,8,000,1,0,10
01,133UNIB,LOCATION UNIBETON,16,8,000,1,0,16
01,319UNIB,LOCATION UNIBETON,16,8,000,1,0,16
01,383UNIB,LOCATION UNIBETON,11,8,000,1,0,11
01,310UNIB,LOCATION UNIBETON,16,8,000,1,0,16
01,364UNIB,LOCATION UNIBETON,16,8,000,1,0,16
01,385UNIB,LOCATION UNIBETON,11,8,000,1,0,11
01,2174 MOD,BETON MODERNE,01,7,010,1,0,101
01,389UNIB,LOCATION UNIBETON,18,8,000,1,0,18
01,148UNIB,LOCATION UNIBETON,16,8,000,1,0,16
01,192UNIB,LOCATION UNIBETON,19,8,000,1,0,19
01,193UNIB,LOCATION UNIBETON,19,8,000,1,0,19
01,089UNIB,LOCATION UNIBETON,11,8,000,1,0,11
01,200UNIB,LOCATION UNIBETON,11,8,000,1,0,11
01,521UNIB,LOCATION UNIBETON,11,8,000,1,0,11
01,382UNIB,LOCATION UNIBETON,11,8,000,1,0,11
01,361UNIB,LOCATION UNIBETON,11,8,000,1,0,11
01,392UNIB,LOCATION UNIBETON,11,8,000,1,0,11
01,294UNIB,LOCATION UNIBETON,11,8,000,1,0,11
01,194UNIB,LOCATION UNIBETON,11,8,000,1,0,11
01,107 DUV,DUVAL 107,01,7,058,1,0,101
01,087 DUV,DUVAL 087,01,7.5,010,1,0,101
01,202 BD,BD 202,01,7.5,057,1,0,101
01,403 UNI,UNIROC,01,8,005,1,0,101
01,478BE640,LOCATION,01,12,010,1,0,101
01,034 LACO,LACO,01,7.5,005,1,0,101
01,219+4,BETON MODERNE,01,12,005,1,0,101
01,205 LACO,LACO,01,7.5,005,1,0,101
01,2194,BETON MODERNE,01,12,005,1,0,101
01,2194MOD,BETON MODERNE,01,12,005,1,0,101
01,2196MOD,BETONNIERE MODERNE,02,12,005,1,0,102
01,355DMT,BETON DEUX MONTAGNE,02,9,005,1,0,102
01,252DMT,DEUX MONTAGNES,01,7.5,035,1,0,101
01,255 DMT,BETON DEUX MONTAGNE,02,9,005,1,0,102
01,250DMT,BETON DEUX MONTAGNE,01,7.5,005,1,0,101
01,536BE640,BETON 640,11,8,010,1,0,11
01,526BE640,BETON 640,11,7,005,1,0,11
01,251DMT,LOCATION,01,7.5,005,1,0,101
01,254DMT,DEUX MONTAGNE,01,7.5,005,1,0,101
01,201LACO,LOCATION,01,6.5,005,1,0,101
01,026LACO,LOCATION,01,7.5,035,1,0,101
01,527640,********** INACTIF **********,01,7,080,1,0,101
01,2184 MOD,2184  BETON  MODERNE,01,7.5,005,1,0,101
01,527BE640,********** INACTIF **********,01,7.5,080,1,0,101
01,215PRO,LOCATION,02,11.5,057,1,0,102
01,825MERC,LOCATION,01,12,000,1,0,101
01,2101NICO,NICOLETTI,01,7.5,005,1,0,101
01,28RVSD,LOCATION,01,7.5,020,1,0,101
01,2231LACO,LACO2231,01,7.5,005,1,0,101
01,476BE64,LOCATION BETON 640,02,12,010,1,0,102
01,017 COTE,LOCATION,01,7.5,050,1,0,101
01,10-BC,BETON CRETE,11,8,056,1,0,11
01,COT31,******** INACTIF ********,11,7.5,080,1,0,11
01,548BE640,BETON 640,01,8,005,1,0,101
01,410 UNI,410 UNIROC,01,6,058,1,0,101
01,263DMT,DEUX MONTAGNES,11,7.5,005,1,0,11
01,341TR,TROIS-RIVIERES 341,01,8,055,1,0,101
01,528BE640,BETON 640,11,7,005,1,0,11
01,724COW,BETONNIERE,11,7.5,057,1,0,11
01,726COW,BETONNIERE,11,6.5,057,1,0,11
01,99 BE640,LOCATION,01,8,010,1,0,101
01,531 B640,BETON 640,01,7.5,010,1,0,101
01,30 COTEA,BETONNIERE,11,7.5,050,1,0,11
01,468BE640,BETON 640,01,12,010,1,0,101
01,212SD,BETONNIERE,11,7.5,050,1,0,11
01,224SD,BETONNIERE,11,7.5,050,1,0,11
01,109-B34,BETON 34,25,8,056,1,0,25
01,B999,PICK UP (BETON 640),01,8,058,999,0,101
01,37 RENOV,RENOVA,01,8,057,1,0,101
01,29-BC,BETON CRETE,01,6,056,1,0,101
01,10031COT,COTEAU,01,7.5,057,1,0,101
01,720COW,BETONNIERE,11,9.5,057,1,0,11
01,21 RENOV,RENOVA,01,4.5,000,1,0,101
01,1201 BRU,BETON BRUNET,01,7.5,035,1,0,101
01,99,TRUCK99,01,3,080,10341,0,101
01,COW 8-34,BETONNIERE,11,7.5,050,1,0,11
01,COW8-33,BETONNIERE,11,7.5,050,1,0,11
01,836COW,BETONNIERE,11,7.5,050,1,0,11
01,134SD,BETONNIERE,11,7.5,050,1,0,11
01,844,WESTERNSTAR,11,12,057,2157,0,11
01,722CO,BETONNIERE,11,7.5,080,1,0,11
01,261DMT,DEUX MONTAGNES 261,01,7.5,005,1,0,101
01,6401-BE,******** INACTIF ********,02,12,080,1,0,102
01,36-BC,BETONNIERE,01,8,056,1,0,101
01,308,30815B,4,8,020,15245,0,4
01,6405,SEMI-REMORQUE,11,12,056,1,0,11
01,6405-BE,******** INACTIF ********,11,12,080,1,0,11
01,42-BC,BETONNIERE,01,8,056,1,0,101
01,307,30715B,4,8,005,15347,0,4
01,605 BRUN,BETON BRUNET 605,11,7.5,035,1,0,11
01,523,WESTERN STAR,01,7.5,056,6000004,0,101
01,314,31415B,4,8,010,15558,1,4
01,320,32015B,4,8,005,15223,1,4
01,331,33115B,4,8,020,15161,1,4
01,6402-BE,******** INACTIF ********,02,12,080,1,0,102
01,38 RENOV,RENOVA,16,6,057,1,0,16
01,721COW,BETONNIERE,01,8,057,1,0,101
01,959 MELO,959 MELOCHE,20,6,035,1,0,20
01,955 MELO,955 MELOCHE,20,7.5,057,1,0,20
01,30COT,TRUCK 008   PAVAGE,16,7.5,057,1,0,16
01,030COT,TRUCK 008   PAVAGE,16,7.5,020,1,0,16
01,1101 BRU,1101 BRUNET,01,7.5,035,1,0,101
01,604 BRU,604 BRUNET,01,7.5,035,1,0,101
01,1203 BRU,1203 BRUNET,01,7.5,035,1,0,101
01,188JFB,JFB,01,7.5,035,1,0,101
01,844 COUP,844 COUPAL,01,7.5,057,1,0,101
01,5027BEL,BELLEMARE 5027,01,7.5,020,1,0,101
01,125DUV,DUVAL125,01,7,010,1,0,101
01,722COW,BETONNIERE,11,7.5,050,1,0,11
01,301SAL,BÉTON SALABERRY #301,13,6.5,035,1,0,13
01,302SAL,BÉTON SALABERRY #302,13,6.5,035,1,0,13
01,303SAL,BÉTON SALABERRY #303,13,7.5,035,1,0,13
01,10017COT,BETON DU COTEAU,11,7.5,057,1,0,11
01,10030COT,12ROUES COTEAU,01,7.5,057,1,0,101
01,112B34,BETONNIERE,11,7.5,050,1,0,11
01,35BLAIN,35 BETON BLAINVILLE,11,7.5,058,1,0,11
01,27BLAIN,27 BETON BLAINVILLE,11,7.5,058,1,0,11
01,22BLAIN,22 BETON BLAINVILLE,11,8,005,1,0,11
01,70BLAIN,70 BETON BLAINVILLE,11,8,058,6,0,11
01,39 JANEL,12 ROUES,14,7.5,057,1,0,14
01,224 ULTR,12 ROUES ULTRAMIX,14,7.5,050,1,0,14
01,206 ULTR,12 ROUES ULTRAMIX,14,7.5,050,1,0,14
01,5014,******** INACTIF ********,01,12,080,1,0,101
01,105,BETONNIERE,01,13,010,1,0,101
01,954MELO,BETONNIERE,01,7,050,1,0,101
01,36 RENOV,36 RENOVA,33,8,057,1,0,33
01,369,36916B,5,8,010,7000026,1,5
01,370,37016B,5,8,020,15143,1,5
01,367,36716B,5,8,020,15107,0,5
01,379,37916B,5,8,005,15274,1,5
01,377,37716B,23,8,057,2158,0,23
01,371,37116B,23,8,057,15605,0,23
01,215-BSM,REDIMIX,01,6,056,1,0,101
01,247-BSM,REDIMIX,01,8,056,1,0,101
01,368,36816B,5,8,005,15162,0,5
01,250-BSM,REDIMIX,01,7.5,056,1,0,101
01,251-BSM,REDIMIX,01,7,055,1,0,101
01,254-BSM,REDIMIX,01,7,056,1,0,101
01,255-BSM,REDIMIX,01,7,056,1,0,101
01,248,BETON ST-MARC,33,6.5,056,99999999,0,33
01,217,BETON ST-MARC,33,11.5,056,1,0,33
01,248-BSM,BETON ST-MARC,33,8,056,1,0,33
01,217-BSM,BETON ST-MARC,33,9.5,056,1,0,33
01,44-BC,SEMI,02,11.5,056,1,0,102
01,0248-BSM,REDI-MIX,20,6.5,055,1,0,20
01,270-BSM,REDI-MIX,01,8,056,1,0,101
01,5019-BE,REDI-MIX,01,7.5,058,1,0,101
01,224-BSM,INTER,01,7,056,1,0,101
01,290JFB,12 ROUES,12,7,035,1,0,12
01,217PRO,PROMIX,33,11.5,050,1,0,33
01,216 PROM,PROMIX,33,11.5,020,1,0,33
01,27007B,BETON ST MARC,33,7.5,055,1,0,33
01,25313B,BETON ST MARC,33,11.5,055,1,0,33
01,24810B,BETON ST MARC,33,7.5,056,1,0,33
01,28095B,BETON ST MARC,33,7.5,005,1,0,33
01,378,BETONNIERE,16,8,050,15476,0,16
01,6407-BE,SEMI,02,11.5,056,1,0,102
01,*6402-BE,SEMI,02,11.5,056,1,0,102
01,*6406-BE,SEMI,02,10,056,1,0,102
01,*6405-BE,SEMI,02,11.5,056,1,0,102
01,210PROM,SEMI,02,11.5,020,1,0,102
01,48BER,CARRIERE BERNIER #48,02,12,057,1,0,102
01,47BER,CARRIERE BERNIER #47,02,12,057,1,0,102
01,1204 BRU,1204 BRUNET,01,8,035,1,0,101
01,34-BC,REDI-MIX,01,7.5,056,1,0,101
01,5020-BE,REDI-MIX,01,7,058,1,0,101
01,29 RENOV,29 RENOVA,33,6,057,1,0,33
01,10033,BETONNIERE,33,7.5,057,1,0,33
01,10033COT,BETONNIERE,33,7.5,057,1,0,33
01,33COT,12 ROUES,33,6,050,1,0,33
01,835 COW,12 ROUES,01,8,050,1,0,101
01,44 MD,44 MD MIX,01,7.5,057,1,0,101
01,128LONG,BETONNIERE,33,7.5,020,1,0,33
01,308 SALA,308 SALABERRY,01,6.5,057,1,0,101
01,245JD,245 JD MIX,01,7,058,1,0,101
01,201 BRUN,12 ROUES,14,7.5,035,1,0,14
01,105-5MC,REDI-MIX,01,8,056,1,0,101
01,2031GENE,BETON GENEREUX,01,6,005,1,0,101
01,103-5MC,REDI-MIX,01,8,056,1,0,101
01,438SUP,12 ROUES,14,7.5,050,1,0,14
01,648SUP,BETONNIERE,33,7.5,050,1,0,33
01,130 DUV,130 DUV,14,7,010,1,0,14
01,1502 DUV,1502 DUV,16,7,010,1,0,16
01,411 UNIR,BETON UNIROC,01,6.5,005,1,0,101
01,111DAN,BETONNIERE,33,7.5,050,1,0,33
01,213 JFK,SEMI,14,10,057,1,0,14
01,27 RS,SEMI,14,12,057,1,0,14
01,46014BAI,46014 BAILLARGEON,02,12.5,057,1,0,102
01,46015BAI,46015 BAILLARGEON,02,12.5,057,1,0,102
01,46017BAI,BETONNIERE,33,12.5,057,1,0,33
01,612STD,ST-DOMINIQUE,33,7.5,050,1,0,33
01,1202 BRU,1202 BRUN,14,7.5,035,1,0,14
01,306STD,ST-DOMINIQUE,33,7.5,050,1,0,33
01,098STD,SEMI,02,11.5,057,1,0,102
01,603SALAB,603 SALAB,01,8,035,1,0,101
01,140JFK,CARRIERE JFK 140,33,7.5,057,1,0,33
01,517BAI,517BAILLARGEON,01,7.5,020,1,0,101
01,166JFK,166 JFK,33,8,057,1,0,33
01,518BAI,518BAILLARGEON,01,8,020,1,0,101
01,41515BAI,515BAILLARGEON,01,7.5,020,1,0,101
01,5-MC,REDI-MIX,01,7.5,056,1,0,101
01,41517BAI,41517BAILLARGEON,01,7.5,020,1,0,101
01,41518BAI,41518BAILLARGEON,01,8,020,1,0,101
01,515BAI,41515BAILLARGEON,01,7.5,020,1,0,101
01,101-5MC,STERLING,01,7.5,055,1,0,101
01,106-5,KENWORTH,01,7.5,056,1,0,101
01,106-5MC,KENWORTH,01,7.5,056,1,0,101
01,165JFK,165JFK,33,8,057,1,0,33
01,214 JFK,SEMI,14,10,057,1,0,14
01,112 STD,CARRIERE ST-DOMINIQUE,11,11.5,050,1,0,11
01,135 STD,12 ROUES,33,7.5,057,1,0,33
01,310SAL,BETON SALABERRY 310,13,8,035,1,0,13
01,161ULT,BETONNIERE,33,7.5,050,1,0,33
01,53RONO,BETONNIERE,33,7.5,050,1,0,33
01,309 SALA,309 SALA,14,6.5,035,1,0,14
01,145SD,BETONNIERE,33,7.5,057,1,0,33
01,51RON,BETONNIERE,33,7.5,050,1,0,33
01,65RON,BETONNIERE,33,7.5,050,1,0,33
01,5025 BEL,BELLEMARE 5025,01,6,010,1,0,101
01,867,MACK,02,12,057,2157,0,102
01,220JFK,SEMI,33,9.5,057,1,0,33
01,489,WESTERN STAR,14,8,035,15539,0,14
01,221JFK,221 JFK,01,11.5,057,1,0,101
01,30*BC,REDI-MIX,01,8,056,1,0,101
01,426,42617B,23,8,020,15070,1,23
01,5022BEL,BELLEMARE 5022,01,8,058,1,0,101
01,21RV,BETONNIERE,33,8,050,1,0,33
01,437,43717B,25,8,020,14417,1,25
01,482,BETONNIERE,33,8,050,14340,0,33
01,440,44017B,6,8,005,15110,1,6
01,464,46417B,6,8,005,15305,1,6
01,486,48617B,6,8,010,15112,1,6
01,490,49017B,6,8,010,15062,1,6
01,129LONG,BETON LONGUEUIL,01,7.5,020,1,0,101
01,43 MD,43 MD MIX,01,7.5,057,1,0,101
01,44 RENOV,44 RENOVA,01,3.5,057,1,0,101
01,42 RENOV,42 RENOVA,01,3.5,057,1,0,101
01,401 UNIR,UNIROC,01,7.5,005,1,0,101
01,837COW,BETONNIERE,33,7,050,1,0,33
01,167JFK,12 ROUES,33,7.5,057,1,0,33
01,530,MACK,20,5.5,056,6000006,0,20
01,46020BAI,SEMI,02,12,057,1,0,102
01,499,KENWORTH ( ANCIEN 49999,01,7.5,050,15342,0,101
01,415,KENWORTH ( ANCIEN 41599 ),01,6,050,15598,0,101
01,34BOURG,BETONNIERE,33,8,050,1,0,33
01,205 DUV,205 DUVAL,01,7,058,1,0,101
01,005,STERLING,20,8,055,7000020,0,20
01,117 LONG,117 LONGUEUIL,01,7,050,99999999,0,101
01,326 COT,12 ROUE,01,12,050,99999999,0,101
01,0146-BC,REDI-MIX,01,7.5,056,1,0,101
01,1728STD,12ROUES,01,7.5,020,1,0,101
01,5025-BE,REDI-MIX,01,5.5,055,1,0,101
01,5027-BE,REDI-MIX,01,7.5,010,1,0,101
01,110-5BMC,REDI-MIX,01,7.5,056,1,0,101
01,2048 AJL,2048 AJL,02,10,057,1,0,102
01,77BLAIN,12 ROUES,01,8,058,5,0,101
01,110-MC,REDI-MIX,01,12,056,1,0,101
01,280-BSM,REDI-MIX,01,7.5,056,1,0,101
01,10034,COTEAU,33,7.5,050,1,0,33
01,035BLAIN,035 BETON BLAINVILLE,11,8,010,1,0,11
01,458,12 ROUES,33,6.5,057,15612,0,33
01,44,MACK 2003,33,6.5,057,15568,0,33
01,2081NICO,NICO,01,6.5,005,1,0,101
01,2043GENE,GENEREUX,01,6.5,005,1,0,101
01,3162GENE,GENEREUX,02,12,005,1,0,102
01,3081GENE,GENEREUX,02,12,005,1,0,102
01,253-BSM,REDI-MIX,01,7,056,1,0,101
01,0255-BSM,REDI-MIX,01,7.5,056,1,0,101
01,145,STERLING,01,8,055,176,0,101
01,14506B,STERLING,33,6.5,055,176,0,33
01,268MIR,MACK 2005,02,9,056,7000005,0,102
01,268,SEMI,02,9,056,7000005,0,102
01,245 DUV,DUVAL 245,13,7,010,1,0,13
01,124DUV,124 DUVAL,30,7.5,005,1,0,30
01,01-44BC,SEMI,02,11.5,056,1,0,102
01,*5021-BE,REDI-MIX,01,8,035,1,0,101
01,124 DUVA,124 DUVAL,30,7.5,010,1,0,30
01,124DUVAL,124 DUVAL,30,7.5,058,1,0,30
01,273STDO,BETON AIME COTE 273,02,11.5,057,1,0,102
01,143SSTDO,BETON AIME COTE 143S,02,11.5,057,1,0,102
01,10-276,CAMION,01,7.5,056,1,0,101
01,109-5MC,REDI-MIX,01,7.5,056,1,0,101
01,18199B,18199B,01,7.5,080,6000000,0,101
01,6401-BEL,******** INACTIF ********,02,12,080,1,0,102
01,301,MACK,33,8,035,15457,0,33
01,149DUVAL,DUVAL,01,7.5,020,1,0,101
01,866,MACK,16,8,057,2149,0,16
01,311,31118B,6,8,010,15173,0,6
01,35-BC,LOCATION,01,7.5,056,1,0,101
01,300,300,01,8,035,15343,0,101
01,112-5MC,LOCATION,01,7.5,056,1,0,101
01,349,34918B,36,8,020,15102,1,36
01,350,35018B,36,8,020,15176,0,36
01,340,34018B,36,8,010,15228,0,36
01,452-BSM,LOCATION,01,7.5,056,1,0,101
01,5035-BEL,REDI-MIX,01,6,050,1,0,101
01,003,STERLING,01,7.5,056,6000006,0,101
01,033,FREIGHLINER,01,8,055,184,0,101
01,50 REN,50 RENOVA BETON,01,7.5,057,1,0,101
01,53 RENOV,53 RENOVA BETON,01,6,057,1,0,101
01,50 RENOV,50 RENOVA BETON,01,6,057,1,0,101
01,74 DUV,DUVAL 74,01,7,010,1,0,101
01,818 STDO,818 STDO,01,6,020,1,0,101
01,316 STDO,316 STDO,01,6,020,1,0,101
01,10035COT,10035 COTEAU,01,7.5,050,1,0,101
01,247 STDO,247 STE-DOMINIQUE,01,6.5,020,1,0,101
01,156 STDO,156 STE-DOMINIQUE,01,6.5,020,1,0,101
01,438 STDO,438 STE-DOMINIQUE,01,6.5,020,1,0,101
01,702NEPVE,702 NEPVEU,33,8,057,1,0,33
01,707NEPVE,707 NEPVEU,13,11,057,1,0,13
01,705NEPVE,705 NEPVEU,33,8,057,1,0,33
01,704NEPVE,704 NEPVEU,33,8,057,1,0,33
01,618 SUP,BETONNIERE,01,6,020,1,0,101
01,412STDO,BETON ST-DOMINIQUE,01,6,057,1,0,101
01,297STDO,BETON ST-DOMINIQUE,01,6,057,1,0,101
01,710NEPVE,710 NEPVEU,01,8,057,1,0,101
01,711NEPVE,711 NEPVEU,01,8,057,1,0,101
01,703NEPVE,703 NEPVEU,01,8,010,1,0,101
01,102 DUVA,102 DUVAL,01,7,010,1,0,101
01,5024-BE,LOCATION,01,5.5,056,1,0,101
01,313 SALA,313 SALABERRY,01,6,035,1,0,101
01,967 MELO,967 MELOCHE,01,6,035,1,0,101
01,5033-BE,LOCATION,01,5.5,056,1,0,101
01,067,067 MELOCHE,33,6,035,1,0,33
01,067 MELO,067 MELOCHE,33,6,035,1,0,33
01,402 UNIR,BETON UNIROC,01,6,005,1,0,101
01,457,STERLING,01,7.5,056,6000001,0,101
01,712NEPVE,712 NEPVEU,01,8,005,1,0,101
01,3050EAST,3050EASTERN,02,10,035,1,0,102
01,250DUV,LOCATION,01,7.5,058,1,0,101
01,713NEPVE,713 NEPVEU,33,7.5,058,1,0,33
01,249DUV,LOCATION,01,7.5,058,1,0,101
01,259,259BA09,01,8,005,15151,1,101
01,002,STERLING,19,8,056,1,0,19
01,708 NEVE,SEMI,02,11,057,1,0,102
01,45601,45601,01,8,080,7000049,0,101
01,456,456,01,8,050,7000045,0,101
01,459,459,01,8,050,7000038,0,101
01,215DMIX,SEMI,01,11.5,020,1,0,101
01,215 MD,LOCATION,02,11.5,057,1,0,102
01,246,UNIBETON,11,7.5,035,7000032,0,11
01,1118 DUV,12 ROUES,01,7,005,1,0,101
01,1189 DUV,LOCATION,01,7,058,1,0,101
01,10036COT,10036 COT,01,7.5,057,1,0,101
01,708NEPVE,708 NEPVEU,33,11,057,1,0,33
01,18 RENOV,RENOVA,02,12,057,1,0,102
01,010NEPVE,010 NEPVEU,01,8,005,1,0,101
01,45 LOC,45 LOC,01,7,057,1,0,101
01,44 LOC,44 LOC,01,7,057,1,0,101
01,103VAIL,103VAILLANCOURT,01,7.5,058,1,0,101
01,706NEPVE,706 NEPVEU,13,11,057,1,0,13
01,1315DUV,1315 DUVAL,33,7.5,005,1,0,33
01,9809 BRU,BETON BRUNET,01,12,035,1,0,101
01,5018JDMI,5018JDMIX,01,7.5,058,1,0,101
01,714NEPVE,714 NEPVEU,01,8,010,1,0,101
01,838 COW,838 COW,01,7.5,057,1,0,101
01,51 ADAM,BETON ADAM,13,12,005,1,0,13
01,128 ADAM,BETON ADAM,13,12,005,1,0,13
01,46 ADAM,BETON ADAM,13,12,005,1,0,13
01,448,TRUCK 448,01,8,058,2006,1,101
01,449,449,23,8,020,15243,1,23
01,450,45020BT,23,8,005,15347,0,23
01,454,READY-MIX,01,8,035,15217,0,101
01,445,TROIS  RIVIERE,01,8,055,4,0,101
01,014 NEPV,014 NEPVEU,01,8,005,1,0,101
01,0187,TRUCK 187 PIERRE CARRIERE BETO,01,7,080,1,0,101
01,463,463,01,8,035,15392,0,101
01,J BELA 0,J BELA 01,01,7.5,058,1,0,101
01,0187  PI,TRUCK 187 PIERRE CARRIERE BETO,01,7,010,1,0,101
01,301 VAIL,301 VAIL,01,7.5,058,1,0,101
01,462,TRUCK 462,4,8,054,15398,1,4
01,460,READY MIX,01,8,010,15083,1,101
01,46020B,REDY MIX,11,8,010,15083,0,11
01,0J BELA,01 J BELA,01,7.5,058,1,0,101
01,01JBELA,01J BELA,01,7.5,058,1,0,101
01,718 NEPV,718 NEPV,02,11,005,1,0,102
01,467,TRUCK467,00,8,054,15467,1,100
01,455,READY-MIX TRUCK,01,8,035,15408,0,101
01,461,TRUCK 461,33,8,005,15401,1,33
01,470,470,01,8,057,2149,0,101
01,469,TRUCK 2020,01,8,050,14347,0,101
01,1190 DUV,LOCATION BETONIERE,01,7,058,1,0,101
01,5028 BEL,BELLEMARE5028,01,8,010,1,0,101
01,104 VAIL,104 VAIL,01,7.5,058,1,0,101
01,17313 IM,NE PLUS PRENDRE,11,7.5,080,1,0,11
01,17314IMP,NE PLUS PRENDRE,33,8,080,1,0,33
01,17313IMP,NE PLUS PRENDRE,11,8,080,1,0,11
01,7313IMP,17313 IMPERIO,01,8,005,1,0,101
01,7314IMP,17314 IMPERIAL,01,8,005,1,0,101
01,7315IMP,17315 IMPERIAL,01,8,005,1,0,101
01,251JFB,LOCATION,01,8,050,1,0,101
01,7316IMP,17316,33,8,005,1,0,33
01,7309MP,NE PAS UTILISE,01,8,070,1,0,101
01,7309IMP,17309  IMPERIAL,01,8,010,1,0,101
